<?xml version="1.0"?>
<!DOCTYPE hibernate-mapping PUBLIC
        "-//Hibernate/Hibernate Mapping DTD 3.0//EN"
        "http://hibernate.sourceforge.net/hibernate-mapping-3.0.dtd">
<hibernate-mapping package="com.seeyon.apps.ext.Portal190724.po">
    <class name="UserPas" table="LAW_FOX_TABLE" lazy="false">
        <id name="id" type="string" column="ID">
            <generator class="assigned"/>
        </id>
        <property name="law_user" type="string" column="LAW_USER"/>
        <property name="law_pas" type="string" column="LAW_PAS"/>
        <property name="fox_user" type="string" column="FOX_USER"/>
        <property name="fox_pas" type="string" column="FOX_PAS"/>
        <property name="record_user" type="string" column="RECORD_USER"/>
        <property name="record_pas" type="string" column="RECORD_PAS"/>
    </class>
</hibernate-mapping>
