<?xml version="1.0" encoding="UTF-8"?>
<!DOCTYPE beans PUBLIC "-//SPRING//DTD BEAN//EN" "http://www.springframework.org/dtd/spring-beans.dtd">
<beans default-autowire="byName">
    <bean id="jyjSso" class="com.seeyon.ctp.portal.sso.SSOLoginContext">
        <property name="name" value="jyjSso"/>
        <property name="forward" value="true"/>
        <property name="handshake">
            <!-- 使用自己的握手实现 -->
            <bean class="com.seeyon.apps.ext.oauthLogin.sso.SsoLoginHandshake"/>
        </property>
    </bean>
    <bean id="loginOutEvent" class="com.seeyon.apps.ext.oauthLogin.listener.LoginOutEvent"/>
</beans>