{
    "data": {
        "users": [
            {
                "name": "李雪飞",
                "dep": "单位一",
                "col": "5",
                "row": "1"
            },
            {
                "name": "02",
                "dep": "单位一",
                "col": "3",
                "row": "2"
            },
            {
                "name": "03",
                "dep": "单位一"
            },
            {
                "name": "04",
                "dep": "单位一"
            },
            {
                "name": "05",
                "dep": "单位一"
            },
            {
                "name": "06",
                "dep": "单位一"
            },
            {
                "name": "07",
                "dep": "单位一"
            },
            {
                "name": "08",
                "dep": "单位一"
            },
            {
                "name": "09",
                "dep": "单位一"
            },
            {
                "name": "11",
                "dep": "单位一"
            },
            {
                "name": "10",
                "dep": "单位一"
            },
            {
                "name": "12",
                "dep": "单位一"
            }
        ],
        "meetingId":"001",
        "meetingRoomId":"002",
        "rows": "24",
        "cols": "30"
    }
}